"","Model","Var1","Var2","value"
"1","Curveball",1,"s1",0.421764649979519
"2","Curveball",2,"s1",0.444111473234191
"3","Curveball",3,"s1",0.421657419379701
"4","Curveball",4,"s1",0.435419733664854
"5","Curveball",5,"s1",0.453528629729553
"6","Curveball",6,"s1",0.485559033062919
"7","Curveball",7,"s1",0.472230042997393
"8","Curveball",8,"s1",-0.0722354304082091
"9","Curveball",9,"s1",0.423366232305336
"10","Curveball",10,"s1",0.461722051018239
"11","Curveball",11,"s1",0.455945019268263
"12","Curveball",12,"s1",0.439243653039096
"13","Curveball",13,"s1",0.345429204544356
"14","Curveball",14,"s1",0.154452227247788
"15","Curveball",15,"s1",0.623230159928752
"16","Curveball",16,"s1",0.422293177689663
"17","Curveball",17,"s1",0.429197329452197
"18","Curveball",18,"s1",0.440028863467191
"19","Curveball",19,"s1",0.434826974689701
"20","Curveball",20,"s1",0.422401144865885
"21","Curveball",21,"s1",0.438005193554634
"22","Curveball",22,"s1",0.221879499614619
"23","Curveball",23,"s1",0.411906595260964
"24","Curveball",24,"s1",0.473707002998284
"25","Curveball",25,"s1",0.388848787335888
"26","Curveball",26,"s1",-0.107705896344315
"27","Curveball",27,"s1",0.419023573702149
"28","Curveball",28,"s1",0.435719236420511
"29","Curveball",29,"s1",0.492213771843113
"30","Curveball",30,"s1",0.361005797591304
"31","Curveball",31,"s1",0.047680397360564
"32","Curveball",32,"s1",0.438513809556382
"33","Curveball",33,"s1",0.347796126903082
"34","Curveball",34,"s1",0.421214963049735
"35","Curveball",35,"s1",0.366115098074111
"36","Curveball",36,"s1",0.435134743471139
"37","Curveball",37,"s1",0.12269702336378
"38","Curveball",38,"s1",0.357989703057684
"39","Curveball",39,"s1",0.445942633808623
"40","Curveball",40,"s1",0.617530566527337
"41","Curveball",41,"s1",0.403296640796067
"42","Curveball",42,"s1",0.505335780825365
"43","Curveball",43,"s1",0.474282278274457
"44","Curveball",44,"s1",0.478661801003834
"45","Curveball",45,"s1",0.500365612474177
"46","Curveball",46,"s1",0.597892437409404
"47","Curveball",47,"s1",0.436148732093671
"48","Curveball",48,"s1",0.393431427564532
"49","Curveball",49,"s1",0.388700918126707
"50","Curveball",50,"s1",0.478604583281607
"51","Curveball",1,"s4",0.519275427665861
"52","Curveball",2,"s4",0.485022465906875
"53","Curveball",3,"s4",-0.404575944136107
"54","Curveball",4,"s4",0.533828466026541
"55","Curveball",5,"s4",0.487292603596526
"56","Curveball",6,"s4",0.487666272467753
"57","Curveball",7,"s4",0.538725982245525
"58","Curveball",8,"s4",-0.700680247482664
"59","Curveball",9,"s4",0.494533505194798
"60","Curveball",10,"s4",0.520543819078928
"61","Curveball",11,"s4",0.536740711076711
"62","Curveball",12,"s4",0.48905722004047
"63","Curveball",13,"s4",-0.301831656784187
"64","Curveball",14,"s4",-0.41148294705039
"65","Curveball",15,"s4",0.503874524147783
"66","Curveball",16,"s4",0.596027100826797
"67","Curveball",17,"s4",0.475877631048447
"68","Curveball",18,"s4",0.490354324631502
"69","Curveball",19,"s4",0.497669417107651
"70","Curveball",20,"s4",0.492350451619722
"71","Curveball",21,"s4",0.517658428131907
"72","Curveball",22,"s4",0.14048273826971
"73","Curveball",23,"s4",0.463968880177363
"74","Curveball",24,"s4",0.552574586249521
"75","Curveball",25,"s4",0.461145866440453
"76","Curveball",26,"s4",-0.679765815058158
"77","Curveball",27,"s4",0.524937192931558
"78","Curveball",28,"s4",0.482871719755985
"79","Curveball",29,"s4",0.536985457857517
"80","Curveball",30,"s4",0.456954139520953
"81","Curveball",31,"s4",-0.0976144179957513
"82","Curveball",32,"s4",0.517044043469428
"83","Curveball",33,"s4",0.447663165921041
"84","Curveball",34,"s4",0.554692187895004
"85","Curveball",35,"s4",0.403472228489969
"86","Curveball",36,"s4",0.540676285732637
"87","Curveball",37,"s4",-0.113451761059781
"88","Curveball",38,"s4",-0.213157871226175
"89","Curveball",39,"s4",-0.0126039648580925
"90","Curveball",40,"s4",0.215923391949397
"91","Curveball",41,"s4",0.0863222964026674
"92","Curveball",42,"s4",0.260059794281932
"93","Curveball",43,"s4",0.550791827937754
"94","Curveball",44,"s4",0.516866759164067
"95","Curveball",45,"s4",0.545011112819634
"96","Curveball",46,"s4",0.626244987405758
"97","Curveball",47,"s4",0.437999583265505
"98","Curveball",48,"s4",0.490112295870213
"99","Curveball",49,"s4",0.497590838798398
"100","Curveball",50,"s4",0.490458474032638
"101","Curveball",1,"s5",0.580759793436185
"102","Curveball",2,"s5",0.579507089153009
"103","Curveball",3,"s5",0.199989952119263
"104","Curveball",4,"s5",0.554483631965173
"105","Curveball",5,"s5",0.596888976663403
"106","Curveball",6,"s5",0.528552966306996
"107","Curveball",7,"s5",0.563175520322795
"108","Curveball",8,"s5",-0.140570022249293
"109","Curveball",9,"s5",0.537020340997134
"110","Curveball",10,"s5",0.574375507213789
"111","Curveball",11,"s5",0.540150016326224
"112","Curveball",12,"s5",0.56315086439663
"113","Curveball",13,"s5",0.23940920446146
"114","Curveball",14,"s5",-0.15753980193984
"115","Curveball",15,"s5",0.417642838715081
"116","Curveball",16,"s5",0.55346101714171
"117","Curveball",17,"s5",0.487199901527124
"118","Curveball",18,"s5",0.564023490006347
"119","Curveball",19,"s5",0.591230759831232
"120","Curveball",20,"s5",0.624078390418211
"121","Curveball",21,"s5",0.626392839463199
"122","Curveball",22,"s5",0.53672480801445
"123","Curveball",23,"s5",0.561771544357967
"124","Curveball",24,"s5",0.570074992841002
"125","Curveball",25,"s5",0.66672435486273
"126","Curveball",26,"s5",-0.185016936337502
"127","Curveball",27,"s5",0.625284236461788
"128","Curveball",28,"s5",0.565179130666843
"129","Curveball",29,"s5",0.555528644855361
"130","Curveball",30,"s5",0.6863181969407
"131","Curveball",31,"s5",-0.314223124578356
"132","Curveball",32,"s5",0.578413351753226
"133","Curveball",33,"s5",0.631215394991967
"134","Curveball",34,"s5",0.555164830456193
"135","Curveball",35,"s5",0.589404516588012
"136","Curveball",36,"s5",0.568464773338252
"137","Curveball",37,"s5",-0.382180776293058
"138","Curveball",38,"s5",-0.189435704824258
"139","Curveball",39,"s5",-0.181583982491238
"140","Curveball",40,"s5",0.221139677553188
"141","Curveball",41,"s5",0.0599101635741656
"142","Curveball",42,"s5",0.0254149185680633
"143","Curveball",43,"s5",0.55890541784932
"144","Curveball",44,"s5",0.551832244147734
"145","Curveball",45,"s5",0.524389337539582
"146","Curveball",46,"s5",0.392564790750338
"147","Curveball",47,"s5",0.434089066427585
"148","Curveball",48,"s5",0.611961386226073
"149","Curveball",49,"s5",0.630890478366317
"150","Curveball",50,"s5",0.475497458692093
"151","Curveball",1,"s2",-0.45911476983833
"152","Curveball",2,"s2",-0.471203395488201
"153","Curveball",3,"s2",0.249680163937031
"154","Curveball",4,"s2",-0.464749107770777
"155","Curveball",5,"s2",-0.427056309124214
"156","Curveball",6,"s2",-0.20391605131539
"157","Curveball",7,"s2",-0.406958654811242
"158","Curveball",8,"s2",0.657294986895082
"159","Curveball",9,"s2",-0.0544083521604348
"160","Curveball",10,"s2",-0.424968444771504
"161","Curveball",11,"s2",-0.458559226002622
"162","Curveball",12,"s2",-0.350865701377362
"163","Curveball",13,"s2",0.582630840000135
"164","Curveball",14,"s2",0.102183496166928
"165","Curveball",15,"s2",0.0312321384037207
"166","Curveball",16,"s2",-0.382107973327334
"167","Curveball",17,"s2",0.0184315763387233
"168","Curveball",18,"s2",-0.356663343723001
"169","Curveball",19,"s2",-0.456180247787309
"170","Curveball",20,"s2",-0.431458122613985
"171","Curveball",21,"s2",-0.344311999976754
"172","Curveball",22,"s2",-0.101836865599283
"173","Curveball",23,"s2",-0.130436750701876
"174","Curveball",24,"s2",-0.244803378791789
"175","Curveball",25,"s2",-0.416460326179826
"176","Curveball",26,"s2",0.692079692799429
"177","Curveball",27,"s2",-0.376937698442451
"178","Curveball",28,"s2",-0.377439827846243
"179","Curveball",29,"s2",-0.3869462188359
"180","Curveball",30,"s2",-0.421265200024768
"181","Curveball",31,"s2",0.189197407233367
"182","Curveball",32,"s2",-0.369052863432022
"183","Curveball",33,"s2",-0.511014319632969
"184","Curveball",34,"s2",-0.423946923645712
"185","Curveball",35,"s2",-0.257992954492668
"186","Curveball",36,"s2",-0.432574400238744
"187","Curveball",37,"s2",0.0472557322553009
"188","Curveball",38,"s2",0.35836274585237
"189","Curveball",39,"s2",0.431246910317654
"190","Curveball",40,"s2",-0.0221261424309132
"191","Curveball",41,"s2",0.588817943458011
"192","Curveball",42,"s2",0.51035077651322
"193","Curveball",43,"s2",-0.39478784591598
"194","Curveball",44,"s2",-0.44174552782964
"195","Curveball",45,"s2",-0.41949275956408
"196","Curveball",46,"s2",-0.308284363545272
"197","Curveball",47,"s2",0.0653769701167943
"198","Curveball",48,"s2",-0.459742243653118
"199","Curveball",49,"s2",-0.43947065866462
"200","Curveball",50,"s2",-0.0919773023967978
"201","Curveball",1,"d3",-0.036304416816314
"202","Curveball",2,"d3",-0.0458458386941324
"203","Curveball",3,"d3",-0.385166722476532
"204","Curveball",4,"d3",-0.0232391574276354
"205","Curveball",5,"d3",-0.0621265932848586
"206","Curveball",6,"d3",-0.194778496982908
"207","Curveball",7,"d3",-0.0310950516230201
"208","Curveball",8,"d3",-0.116726339710611
"209","Curveball",9,"d3",-0.230787265250676
"210","Curveball",10,"d3",-0.0353184202100268
"211","Curveball",11,"d3",-0.0235980094698947
"212","Curveball",12,"d3",-0.160410729806916
"213","Curveball",13,"d3",-0.351183727879327
"214","Curveball",14,"d3",-0.186852118255169
"215","Curveball",15,"d3",-0.225900938401503
"216","Curveball",16,"d3",-0.0631691157119229
"217","Curveball",17,"d3",-0.270785627259843
"218","Curveball",18,"d3",-0.156667214221454
"219","Curveball",19,"d3",-0.0358502920110541
"220","Curveball",20,"d3",-0.0289655031392201
"221","Curveball",21,"d3",-0.078594515239462
"222","Curveball",22,"d3",-0.127736890431753
"223","Curveball",23,"d3",-0.236879610182099
"224","Curveball",24,"d3",-0.136517256759029
"225","Curveball",25,"d3",-0.0636618486459577
"226","Curveball",26,"d3",-0.0705591788499777
"227","Curveball",27,"d3",-0.0612251849141666
"228","Curveball",28,"d3",-0.151781631014955
"229","Curveball",29,"d3",-0.0462162482020188
"230","Curveball",30,"d3",-0.0544945193055384
"231","Curveball",31,"d3",-0.257752882668056
"232","Curveball",32,"d3",-0.127009429547753
"233","Curveball",33,"d3",-0.0759105597280459
"234","Curveball",34,"d3",-0.0838713259607328
"235","Curveball",35,"d3",-0.198048387615986
"236","Curveball",36,"d3",-0.0425158305279216
"237","Curveball",37,"d3",-0.273024702721283
"238","Curveball",38,"d3",-0.420594428155638
"239","Curveball",39,"d3",-0.348789178910098
"240","Curveball",40,"d3",-0.303461431340755
"241","Curveball",41,"d3",-0.338048910222362
"242","Curveball",42,"d3",-0.302032030038595
"243","Curveball",43,"d3",-0.0269617305864531
"244","Curveball",44,"d3",-0.0307407006706963
"245","Curveball",45,"d3",-0.0191728300948738
"246","Curveball",46,"d3",-0.00841755346110661
"247","Curveball",47,"d3",-0.36288588542001
"248","Curveball",48,"d3",-0.070453313250438
"249","Curveball",49,"d3",-0.0529788420694719
"250","Curveball",50,"d3",-0.247568593555721
"251","Curveball",1,"d4",-0.0373263677228987
"252","Curveball",2,"d4",-0.0597302439678659
"253","Curveball",3,"d4",-0.297379909536328
"254","Curveball",4,"d4",-0.025142817836432
"255","Curveball",5,"d4",-0.0726163980561758
"256","Curveball",6,"d4",-0.213064704539395
"257","Curveball",7,"d4",-0.0345646790024871
"258","Curveball",8,"d4",-0.113281336219904
"259","Curveball",9,"d4",-0.243113497232639
"260","Curveball",10,"d4",-0.0389902311114592
"261","Curveball",11,"d4",-0.0253100869466702
"262","Curveball",12,"d4",-0.166997288092558
"263","Curveball",13,"d4",-0.33142508354815
"264","Curveball",14,"d4",-0.300661380289951
"265","Curveball",15,"d4",-0.227846339619554
"266","Curveball",16,"d4",-0.0637514115241611
"267","Curveball",17,"d4",-0.267713787249796
"268","Curveball",18,"d4",-0.161083247572693
"269","Curveball",19,"d4",-0.040191206864853
"270","Curveball",20,"d4",-0.0311229386358008
"271","Curveball",21,"d4",-0.0837926043547086
"272","Curveball",22,"d4",0.295556522842921
"273","Curveball",23,"d4",-0.231668540085595
"274","Curveball",24,"d4",-0.14452579776303
"275","Curveball",25,"d4",-0.0692613371942893
"276","Curveball",26,"d4",-0.0485962502859578
"277","Curveball",27,"d4",-0.0635941933460722
"278","Curveball",28,"d4",-0.166166280433509
"279","Curveball",29,"d4",-0.0571612232905364
"280","Curveball",30,"d4",-0.0561763539886923
"281","Curveball",31,"d4",-0.185907050051765
"282","Curveball",32,"d4",-0.133700681072936
"283","Curveball",33,"d4",-0.0781647029615653
"284","Curveball",34,"d4",-0.0867168412521123
"285","Curveball",35,"d4",-0.118754003512404
"286","Curveball",36,"d4",-0.0494507407318416
"287","Curveball",37,"d4",-0.402784780076278
"288","Curveball",38,"d4",-0.309128528463772
"289","Curveball",39,"d4",-0.369154535972646
"290","Curveball",40,"d4",-0.255040517761913
"291","Curveball",41,"d4",-0.336743099116471
"292","Curveball",42,"d4",-0.328874816789416
"293","Curveball",43,"d4",-0.0313460694979052
"294","Curveball",44,"d4",-0.0371270243106357
"295","Curveball",45,"d4",-0.0236223325958499
"296","Curveball",46,"d4",-0.0223481059569963
"297","Curveball",47,"d4",-0.343109352881331
"298","Curveball",48,"d4",-0.0753591731172427
"299","Curveball",49,"d4",-0.0551640784013753
"300","Curveball",50,"d4",-0.289613444983751
"301","Curveball",1,"s3",-0.0126252396725836
"302","Curveball",2,"s3",-0.0286989427636242
"303","Curveball",3,"s3",-0.19076105843327
"304","Curveball",4,"s3",-0.0107621744620483
"305","Curveball",5,"s3",-0.0569365372089577
"306","Curveball",6,"s3",-0.110571493499656
"307","Curveball",7,"s3",-0.0203176487503059
"308","Curveball",8,"s3",-0.0686890703919445
"309","Curveball",9,"s3",-0.0851368778429117
"310","Curveball",10,"s3",-0.0257136864737864
"311","Curveball",11,"s3",-0.0128187361206392
"312","Curveball",12,"s3",-0.159235152637281
"313","Curveball",13,"s3",-0.26193987144737
"314","Curveball",14,"s3",-0.227489935008651
"315","Curveball",15,"s3",-0.0966831062773535
"316","Curveball",16,"s3",-0.0208891050591301
"317","Curveball",17,"s3",-0.150653306766967
"318","Curveball",18,"s3",-0.160650900894662
"319","Curveball",19,"s3",-0.0274452004607744
"320","Curveball",20,"s3",-0.0249195934108353
"321","Curveball",21,"s3",-0.0647322391491822
"322","Curveball",22,"s3",-0.290502834126556
"323","Curveball",23,"s3",-0.131378926564711
"324","Curveball",24,"s3",-0.102175134093032
"325","Curveball",25,"s3",-0.0530554510411444
"326","Curveball",26,"s3",-0.0615919545459387
"327","Curveball",27,"s3",-0.0412547659835504
"328","Curveball",28,"s3",-0.146969553621433
"329","Curveball",29,"s3",-0.0365873877830446
"330","Curveball",30,"s3",-0.0415552693113979
"331","Curveball",31,"s3",-0.230486851277598
"332","Curveball",32,"s3",-0.105111668792005
"333","Curveball",33,"s3",-0.0272826619051506
"334","Curveball",34,"s3",-0.0496903344611391
"335","Curveball",35,"s3",-0.195778959180275
"336","Curveball",36,"s3",-0.0301349223852249
"337","Curveball",37,"s3",-0.211961356772636
"338","Curveball",38,"s3",-0.270916992247344
"339","Curveball",39,"s3",-0.152985162334448
"340","Curveball",40,"s3",-0.103117510868976
"341","Curveball",41,"s3",-0.268908226927037
"342","Curveball",42,"s3",-0.209250829461245
"343","Curveball",43,"s3",-0.0201550570579322
"344","Curveball",44,"s3",-0.0173516985883714
"345","Curveball",45,"s3",-0.0120841110903962
"346","Curveball",46,"s3",-0.0113457495879102
"347","Curveball",47,"s3",-0.15442294198619
"348","Curveball",48,"s3",-0.0482074236728917
"349","Curveball",49,"s3",-0.0287604905964712
"350","Curveball",50,"s3",-0.146966169279866
"351","Curveball",1,"d2",-0.0354066856126737
"352","Curveball",2,"d2",-0.0537394830832807
"353","Curveball",3,"d2",0.183529315983927
"354","Curveball",4,"d2",-0.0236254701975209
"355","Curveball",5,"d2",-0.0677598251701945
"356","Curveball",6,"d2",-0.0189491339842274
"357","Curveball",7,"d2",-0.0326197701224208
"358","Curveball",8,"d2",-0.0747420819664943
"359","Curveball",9,"d2",-0.219878141526599
"360","Curveball",10,"d2",-0.0376085625003258
"361","Curveball",11,"d2",-0.023567497870742
"362","Curveball",12,"d2",-0.123037538329525
"363","Curveball",13,"d2",-0.156966775260279
"364","Curveball",14,"d2",0.183304473081014
"365","Curveball",15,"d2",-0.215955058406067
"366","Curveball",16,"d2",-0.0602721186830816
"367","Curveball",17,"d2",-0.232240647694923
"368","Curveball",18,"d2",-0.114693008188407
"369","Curveball",19,"d2",-0.0368321143670484
"370","Curveball",20,"d2",-0.029999144596565
"371","Curveball",21,"d2",-0.0762588384108405
"372","Curveball",22,"d2",-0.446220906087813
"373","Curveball",23,"d2",-0.204382764921924
"374","Curveball",24,"d2",-0.106489611398538
"375","Curveball",25,"d2",-0.0660505062833107
"376","Curveball",26,"d2",-0.0041015527422245
"377","Curveball",27,"d2",-0.0588091015466533
"378","Curveball",28,"d2",-0.114910512394393
"379","Curveball",29,"d2",-0.0556071672544306
"380","Curveball",30,"d2",-0.0533933504401712
"381","Curveball",31,"d2",0.140346537630548
"382","Curveball",32,"d2",-0.120664579256595
"383","Curveball",33,"d2",-0.0682825596806885
"384","Curveball",34,"d2",-0.076005956146464
"385","Curveball",35,"d2",-0.0459049611691139
"386","Curveball",36,"d2",-0.0455788166033065
"387","Curveball",37,"d2",0.337283271018396
"388","Curveball",38,"d2",-0.0939174342551147
"389","Curveball",39,"d2",-0.306190537050363
"390","Curveball",40,"d2",0.0147923267965244
"391","Curveball",41,"d2",-0.226729891301627
"392","Curveball",42,"d2",-0.220159749150471
"393","Curveball",43,"d2",-0.0308438820494845
"394","Curveball",44,"d2",-0.0357503528846976
"395","Curveball",45,"d2",-0.023404177655547
"396","Curveball",46,"d2",-0.0221204449600062
"397","Curveball",47,"d2",-0.130719847220229
"398","Curveball",48,"d2",-0.0653163714978331
"399","Curveball",49,"d2",-0.0504712166850499
"400","Curveball",50,"d2",-0.219317593097885
"401","Curveball",1,"d1",-0.013972595483718
"402","Curveball",2,"d1",-0.00571724137396546
"403","Curveball",3,"d1",-0.209312251020383
"404","Curveball",4,"d1",-0.00955526688059638
"405","Curveball",5,"d1",-0.0164322608957786
"406","Curveball",6,"d1",0.0898748080645661
"407","Curveball",7,"d1",-0.0123661998728934
"408","Curveball",8,"d1",-0.0908373410865334
"409","Curveball",9,"d1",-0.255027634777957
"410","Curveball",10,"d1",-0.0153712013182253
"411","Curveball",11,"d1",-0.00663539659176028
"412","Curveball",12,"d1",-0.10383758193063
"413","Curveball",13,"d1",-0.17926193583472
"414","Curveball",14,"d1",-0.0925584000974163
"415","Curveball",15,"d1",-0.127141109902187
"416","Curveball",16,"d1",-0.0414040599693237
"417","Curveball",17,"d1",-0.252415572828741
"418","Curveball",18,"d1",-0.104784186984891
"419","Curveball",19,"d1",-0.0167823273177923
"420","Curveball",20,"d1",-0.00821420612667185
"421","Curveball",21,"d1",-0.0477331553473927
"422","Curveball",22,"d1",-0.196539176866621
"423","Curveball",23,"d1",-0.231688286628598
"424","Curveball",24,"d1",-0.0971312214701479
"425","Curveball",25,"d1",-0.0273057689057553
"426","Curveball",26,"d1",-0.0424091695641506
"427","Curveball",27,"d1",-0.0345592756330248
"428","Curveball",28,"d1",-0.0966661658194772
"429","Curveball",29,"d1",-0.0207327389205872
"430","Curveball",30,"d1",-0.0254506798560656
"431","Curveball",31,"d1",0.208445092442117
"432","Curveball",32,"d1",-0.068423336069416
"433","Curveball",33,"d1",-0.0360148451379961
"434","Curveball",34,"d1",-0.0462802848460972
"435","Curveball",35,"d1",0.165338008671456
"436","Curveball",36,"d1",-0.0186616261412277
"437","Curveball",37,"d1",0.238953968355886
"438","Curveball",38,"d1",-0.0304116224991128
"439","Curveball",39,"d1",-0.233127317765245
"440","Curveball",40,"d1",0.00178261654836632
"441","Curveball",41,"d1",-0.210798156083381
"442","Curveball",42,"d1",-0.213708000080589
"443","Curveball",43,"d1",-0.0133440691579939
"444","Curveball",44,"d1",-0.00608426494775916
"445","Curveball",45,"d1",-0.00207194214128291
"446","Curveball",46,"d1",0
"447","Curveball",47,"d1",-0.151088384302089
"448","Curveball",48,"d1",-0.0292851866906613
"449","Curveball",49,"d1",-0.0198292210353641
"450","Curveball",50,"d1",-0.0842838399070247
"451","Curveball",1,"d5",-0.00641556165375795
"452","Curveball",2,"d5",-0.0137147065737852
"453","Curveball",3,"d5",-0.332541704617966
"454","Curveball",4,"d5",-0.00496567654734801
"455","Curveball",5,"d5",-0.0255317375281786
"456","Curveball",6,"d5",-0.177163129886519
"457","Curveball",7,"d5",-0.0116235712281143
"458","Curveball",8,"d5",-0.0648604690926329
"459","Curveball",9,"d5",-0.15622029920417
"460","Curveball",10,"d5",-0.0133634515977817
"461","Curveball",11,"d5",-0.00435100954332412
"462","Curveball",12,"d5",-0.125354475557538
"463","Curveball",13,"d5",-0.152253545653137
"464","Curveball",14,"d5",-0.478395241622637
"465","Curveball",15,"d5",-0.0678780621969814
"466","Curveball",16,"d5",-0.00852709004428754
"467","Curveball",17,"d5",-0.200421353891233
"468","Curveball",18,"d5",-0.117448406548773
"469","Curveball",19,"d5",-0.0151135600684064
"470","Curveball",20,"d5",-0.00959427993413465
"471","Curveball",21,"d5",-0.0500134045173493
"472","Curveball",22,"d5",-0.12868257418867
"473","Curveball",23,"d5",-0.191352609174597
"474","Curveball",24,"d5",-0.099020621442369
"475","Curveball",25,"d5",-0.0300515282582399
"476","Curveball",26,"d5",-0.0102621211348437
"477","Curveball",27,"d5",-0.0324093542600852
"478","Curveball",28,"d5",-0.114707718486665
"479","Curveball",29,"d5",-0.0237933118605738
"480","Curveball",30,"d5",-0.025393943230085
"481","Curveball",31,"d5",-0.235074284989806
"482","Curveball",32,"d5",-0.0584734874485057
"483","Curveball",33,"d5",-0.019332737157615
"484","Curveball",34,"d5",-0.0335016803394643
"485","Curveball",35,"d5",-0.306532581148018
"486","Curveball",36,"d5",-0.0177801101472023
"487","Curveball",37,"d5",-0.44117815800049
"488","Curveball",38,"d5",-0.421505514437054
"489","Curveball",39,"d5",-0.285554963181642
"490","Curveball",40,"d5",-0.250199178488768
"491","Curveball",41,"d5",-0.238337195220284
"492","Curveball",42,"d5",-0.227270625389731
"493","Curveball",43,"d5",-0.0121536847381324
"494","Curveball",44,"d5",-0.00991682459112518
"495","Curveball",45,"d5",-0.00335086159157768
"496","Curveball",46,"d5",-0.00264755272115248
"497","Curveball",47,"d5",-0.25285281261603
"498","Curveball",48,"d5",-0.0268758929076741
"499","Curveball",49,"d5",-0.016316829832688
"500","Curveball",50,"d5",-0.199707237876308
"501","Curveball",1,"d7",-0.00323839435913337
"502","Curveball",2,"d7",-0.000824566020002991
"503","Curveball",3,"d7",-0.1925130369853
"504","Curveball",4,"d7",-0.00177861295479251
"505","Curveball",5,"d7",-0.00584500594965887
"506","Curveball",6,"d7",-0.0953812564713001
"507","Curveball",7,"d7",-0.00243817345624036
"508","Curveball",8,"d7",-0.0328231522676809
"509","Curveball",9,"d7",-0.126545949308708
"510","Curveball",10,"d7",-0.00418628132580632
"511","Curveball",11,"d7",0
"512","Curveball",12,"d7",-0.0550992190003912
"513","Curveball",13,"d7",-0.0530637806195538
"514","Curveball",14,"d7",-0.212805219237245
"515","Curveball",15,"d7",-0.0173944885736899
"516","Curveball",16,"d7",0
"517","Curveball",17,"d7",-0.11359998436303
"518","Curveball",18,"d7",-0.0506506342826131
"519","Curveball",19,"d7",-0.0037397746378805
"520","Curveball",20,"d7",-0.00195799717596011
"521","Curveball",21,"d7",-0.0210605789391802
"522","Curveball",22,"d7",-0.0791396889602036
"523","Curveball",23,"d7",-0.109387452954212
"524","Curveball",24,"d7",-0.045396548278608
"525","Curveball",25,"d7",-0.0101306381630333
"526","Curveball",26,"d7",0
"527","Curveball",27,"d7",-0.0132583986876958
"528","Curveball",28,"d7",-0.0539586445139805
"529","Curveball",29,"d7",-0.0066947068705262
"530","Curveball",30,"d7",-0.00892069953331943
"531","Curveball",31,"d7",-0.0645320058524353
"532","Curveball",32,"d7",-0.0223358395444647
"533","Curveball",33,"d7",0
"534","Curveball",34,"d7",-0.0126233841439458
"535","Curveball",35,"d7",-0.080474731115741
"536","Curveball",36,"d7",-0.00545141051807597
"537","Curveball",37,"d7",-0.118252808861243
"538","Curveball",38,"d7",-0.208796145185861
"539","Curveball",39,"d7",-0.203887682136091
"540","Curveball",40,"d7",-0.391200682254008
"541","Curveball",41,"d7",-0.101907553842207
"542","Curveball",42,"d7",-0.110623925587762
"543","Curveball",43,"d7",-0.00330833359452335
"544","Curveball",44,"d7",-0.00149982654308267
"545","Curveball",45,"d7",0
"546","Curveball",46,"d7",0
"547","Curveball",47,"d7",-0.153714667786091
"548","Curveball",48,"d7",-0.0080467744098527
"549","Curveball",49,"d7",-0.00434385055605068
"550","Curveball",50,"d7",-0.125830736221977
"551","Curveball",1,"d6",0
"552","Curveball",2,"d6",0
"553","Curveball",3,"d6",0.164752268424765
"554","Curveball",4,"d6",0
"555","Curveball",5,"d6",0
"556","Curveball",6,"d6",0.232427006724116
"557","Curveball",7,"d6",0
"558","Curveball",8,"d6",-0.00615734781374742
"559","Curveball",9,"d6",-0.0572397528445046
"560","Curveball",10,"d6",0
"561","Curveball",11,"d6",0
"562","Curveball",12,"d6",-0.0109099880785274
"563","Curveball",13,"d6",-0.00262475187911862
"564","Curveball",14,"d6",0.481396515346351
"565","Curveball",15,"d6",0
"566","Curveball",16,"d6",0
"567","Curveball",17,"d6",-0.0439929590321425
"568","Curveball",18,"d6",-0.00946780031212785
"569","Curveball",19,"d6",0
"570","Curveball",20,"d6",0
"571","Curveball",21,"d6",-0.00336737798091316
"572","Curveball",22,"d6",-0.0187622973332796
"573","Curveball",23,"d6",-0.0440376845656338
"574","Curveball",24,"d6",-0.0071071886350561
"575","Curveball",25,"d6",-0.00155773863689915
"576","Curveball",26,"d6",0
"577","Curveball",27,"d6",-0.00190182110430129
"578","Curveball",28,"d6",-0.0110190321410826
"579","Curveball",29,"d6",0
"580","Curveball",30,"d6",-0.00164935628131323
"581","Curveball",31,"d6",0.754104464164777
"582","Curveball",32,"d6",-0.00104954299871673
"583","Curveball",33,"d6",0
"584","Curveball",34,"d6",-0.00145201163182377
"585","Curveball",35,"d6",0.257050463387349
"586","Curveball",36,"d6",0
"587","Curveball",37,"d6",0.375553385539122
"588","Curveball",38,"d6",0.164952897483296
"589","Curveball",39,"d6",-0.0756062980099982
"590","Curveball",40,"d6",0.344834311997277
"591","Curveball",41,"d6",-0.020215286347142
"592","Curveball",42,"d6",-0.0241414054748464
"593","Curveball",43,"d6",0
"594","Curveball",44,"d6",0
"595","Curveball",45,"d6",0
"596","Curveball",46,"d6",0
"597","Curveball",47,"d6",-0.0608244224823817
"598","Curveball",48,"d6",0
"599","Curveball",49,"d6",0
"600","Curveball",50,"d6",-0.0366856226253958
"601","Curveball",1,"d8",-0.00530303401982197
"602","Curveball",2,"d8",-0.00738487284080291
"603","Curveball",3,"d8",-0.175288253625365
"604","Curveball",4,"d8",-0.00525942993798743
"605","Curveball",5,"d8",-0.0167954732142038
"606","Curveball",6,"d8",-0.0834237892626711
"607","Curveball",7,"d8",-0.00765758492538815
"608","Curveball",8,"d8",-0.041191752321625
"609","Curveball",9,"d8",-0.0902816024958433
"610","Curveball",10,"d8",-0.00811606370393086
"611","Curveball",11,"d8",-0.00218433335427355
"612","Curveball",12,"d8",-0.0622712328331555
"613","Curveball",13,"d8",-0.0907664764646533
"614","Curveball",14,"d8",-0.215511314474986
"615","Curveball",15,"d8",-0.047847511366173
"616","Curveball",16,"d8",-0.0135608363486787
"617","Curveball",17,"d8",-0.106190033030387
"618","Curveball",18,"d8",-0.0609211852427702
"619","Curveball",19,"d8",-0.00787090655075432
"620","Curveball",20,"d8",-0.00681373707054804
"621","Curveball",21,"d8",-0.0287020205307267
"622","Curveball",22,"d8",0.428500278897275
"623","Curveball",23,"d8",-0.0972090848177864
"624","Curveball",24,"d8",-0.0518982741061417
"625","Curveball",25,"d8",-0.0199817914486769
"626","Curveball",26,"d8",-0.00760756196736197
"627","Curveball",27,"d8",-0.0205051362594658
"628","Curveball",28,"d8",-0.0640846423742377
"629","Curveball",29,"d8",-0.0125634803290568
"630","Curveball",30,"d8",-0.0171078315838396
"631","Curveball",31,"d8",-0.0911024504864388
"632","Curveball",32,"d8",-0.0373163584586305
"633","Curveball",33,"d8",-0.0108270486819941
"634","Curveball",34,"d8",-0.027011450301016
"635","Curveball",35,"d8",-0.039993750257296
"636","Curveball",36,"d8",-0.0110217350720933
"637","Curveball",37,"d8",-0.146805861793887
"638","Curveball",38,"d8",-0.24088103950756
"639","Curveball",39,"d8",-0.154165874714363
"640","Curveball",40,"d8",-0.141784138358033
"641","Curveball",41,"d8",-0.127197229683537
"642","Curveball",42,"d8",-0.118823797886764
"643","Curveball",43,"d8",-0.00694044147167616
"644","Curveball",44,"d8",-0.00578874214610797
"645","Curveball",45,"d8",-0.00196814715445494
"646","Curveball",46,"d8",-0.000377616137088667
"647","Curveball",47,"d8",-0.144183255672377
"648","Curveball",48,"d8",-0.0162614774614557
"649","Curveball",49,"d8",-0.0159702568777438
"650","Curveball",50,"d8",-0.129611371151563
"651","Double",1,"s1",0.500594325570061
"652","Double",2,"s1",0.499211572633211
"653","Double",3,"s1",0.313810633320553
"654","Double",4,"s1",0.501170515036834
"655","Double",5,"s1",0.497132014427798
"656","Double",6,"s1",0.513514315095971
"657","Double",7,"s1",0.506093604924456
"658","Double",8,"s1",-0.393604880827659
"659","Double",9,"s1",0.49136438321294
"660","Double",10,"s1",0.508840833675002
"661","Double",11,"s1",0.502190118572788
"662","Double",12,"s1",0.518817443646347
"663","Double",13,"s1",-0.150549869018299
"664","Double",14,"s1",0.297044701322148
"665","Double",15,"s1",0.512169118868762
"666","Double",16,"s1",0.500848333952662
"667","Double",17,"s1",0.537715249624357
"668","Double",18,"s1",0.516647109230744
"669","Double",19,"s1",0.520442038601635
"670","Double",20,"s1",0.497935937068279
"671","Double",21,"s1",0.520864358895372
"672","Double",22,"s1",0.364845121112745
"673","Double",23,"s1",0.476270453055998
"674","Double",24,"s1",0.559811167529945
"675","Double",25,"s1",0.502688794757968
"676","Double",26,"s1",-0.430477347873656
"677","Double",27,"s1",0.510894778973593
"678","Double",28,"s1",0.50579899014613
"679","Double",29,"s1",0.50370725014759
"680","Double",30,"s1",0.507685835813677
"681","Double",31,"s1",-0.0662531877954625
"682","Double",32,"s1",0.517910215026094
"683","Double",33,"s1",0.454599347831745
"684","Double",34,"s1",0.50414987069188
"685","Double",35,"s1",0.502021540269735
"686","Double",36,"s1",0.504686232789311
"687","Double",37,"s1",0.233036002164946
"688","Double",38,"s1",0.298712574012416
"689","Double",39,"s1",0.436229488690021
"690","Double",40,"s1",0.588626956362907
"691","Double",41,"s1",0.161803525351323
"692","Double",42,"s1",0.359729279520321
"693","Double",43,"s1",0.510660198178294
"694","Double",44,"s1",0.500632922171301
"695","Double",45,"s1",0.496086898530846
"696","Double",46,"s1",0.502886938062967
"697","Double",47,"s1",0.50340382617798
"698","Double",48,"s1",0.501709643892352
"699","Double",49,"s1",0.500652145056376
"700","Double",50,"s1",0.454677094820164
"701","Double",1,"s4",0.499729850400078
"702","Double",2,"s4",0.500086928531628
"703","Double",3,"s4",-0.338906835694151
"704","Double",4,"s4",0.499565659139414
"705","Double",5,"s4",0.500186950779734
"706","Double",6,"s4",0.356453292210656
"707","Double",7,"s4",0.504050359466261
"708","Double",8,"s4",-0.544008643397691
"709","Double",9,"s4",0.492478138448044
"710","Double",10,"s4",0.505949321307229
"711","Double",11,"s4",0.499190493222069
"712","Double",12,"s4",0.483768238796617
"713","Double",13,"s4",-0.755803168585018
"714","Double",14,"s4",-0.35493666954228
"715","Double",15,"s4",0.487029715188599
"716","Double",16,"s4",0.499626365902942
"717","Double",17,"s4",0.4677778001924
"718","Double",18,"s4",0.481833401701963
"719","Double",19,"s4",0.511092803818484
"720","Double",20,"s4",0.500562466397568
"721","Double",21,"s4",0.498231109950114
"722","Double",22,"s4",0.135825348701882
"723","Double",23,"s4",0.495351888341704
"724","Double",24,"s4",0.48623531937394
"725","Double",25,"s4",0.501323133507689
"726","Double",26,"s4",-0.520317167833196
"727","Double",27,"s4",0.495819466102004
"728","Double",28,"s4",0.473840210821735
"729","Double",29,"s4",0.498429447007404
"730","Double",30,"s4",0.496983810673421
"731","Double",31,"s4",-0.221596703026099
"732","Double",32,"s4",0.490503831082747
"733","Double",33,"s4",0.458308541055082
"734","Double",34,"s4",0.497729156976541
"735","Double",35,"s4",0.358996944572507
"736","Double",36,"s4",0.498089328270668
"737","Double",37,"s4",-0.140454018059665
"738","Double",38,"s4",-0.389622761139565
"739","Double",39,"s4",-0.305304340553127
"740","Double",40,"s4",0.148167576466836
"741","Double",41,"s4",-0.396442138126788
"742","Double",42,"s4",-0.348649879596293
"743","Double",43,"s4",0.499609245498164
"744","Double",44,"s4",0.499718419829039
"745","Double",45,"s4",0.50127406864529
"746","Double",46,"s4",0.49901000686139
"747","Double",47,"s4",0.384256630032653
"748","Double",48,"s4",0.498760228399829
"749","Double",49,"s4",0.499500979751709
"750","Double",50,"s4",0.454977817121981
"751","Double",1,"s5",0.499729850400078
"752","Double",2,"s5",0.500086928531628
"753","Double",3,"s5",0.122337678015858
"754","Double",4,"s5",0.499565659139413
"755","Double",5,"s5",0.500186950779734
"756","Double",6,"s5",0.338546517318096
"757","Double",7,"s5",0.496009871695555
"758","Double",8,"s5",-0.483721126456515
"759","Double",9,"s5",0.492478138448044
"760","Double",10,"s5",0.49823886913069
"761","Double",11,"s5",0.49919049322207
"762","Double",12,"s5",0.489185370642133
"763","Double",13,"s5",-0.175246883090552
"764","Double",14,"s5",-0.20876659228013
"765","Double",15,"s5",0.487029715188599
"766","Double",16,"s5",0.499626365902942
"767","Double",17,"s5",0.476047228439801
"768","Double",18,"s5",0.487518609633346
"769","Double",19,"s5",0.477352299966345
"770","Double",20,"s5",0.500562466397568
"771","Double",21,"s5",0.490764580544682
"772","Double",22,"s5",0.487890200013611
"773","Double",23,"s5",0.498136789039896
"774","Double",24,"s5",0.465019172357833
"775","Double",25,"s5",0.498203469405307
"776","Double",26,"s5",-0.520317167833196
"777","Double",27,"s5",0.495819466102004
"778","Double",28,"s5",0.498829401241275
"779","Double",29,"s5",0.498429447007404
"780","Double",30,"s5",0.496983810673421
"781","Double",31,"s5",-0.26103664944463
"782","Double",32,"s5",0.490503831082747
"783","Double",33,"s5",0.525895840558936
"784","Double",34,"s5",0.497729156976541
"785","Double",35,"s5",0.39222196985066
"786","Double",36,"s5",0.498089328270669
"787","Double",37,"s5",-0.266181696387236
"788","Double",38,"s5",-0.212933048230286
"789","Double",39,"s5",-0.311586529630378
"790","Double",40,"s5",0.278954855443612
"791","Double",41,"s5",-0.50316008696643
"792","Double",42,"s5",-0.348649879596294
"793","Double",43,"s5",0.49343157736391
"794","Double",44,"s5",0.49971841982904
"795","Double",45,"s5",0.501274068645292
"796","Double",46,"s5",0.499010006861391
"797","Double",47,"s5",0.372136146172654
"798","Double",48,"s5",0.498760228399829
"799","Double",49,"s5",0.499500979751709
"800","Double",50,"s5",0.421608682150508
"801","Double",1,"s2",-0.499729850400079
"802","Double",2,"s2",-0.500086928531628
"803","Double",3,"s2",-0.0303286008360546
"804","Double",4,"s2",-0.499565659139414
"805","Double",5,"s2",-0.500186950779734
"806","Double",6,"s2",-0.373548990789162
"807","Double",7,"s2",-0.4934057283834
"808","Double",8,"s2",0.556602707604564
"809","Double",9,"s2",-0.492478138448044
"810","Double",10,"s2",-0.486140492491432
"811","Double",11,"s2",-0.499190493222069
"812","Double",12,"s2",-0.486241581051687
"813","Double",13,"s2",0.469648910445144
"814","Double",14,"s2",0.345085080125797
"815","Double",15,"s2",-0.487029715188597
"816","Double",16,"s2",-0.499626365902942
"817","Double",17,"s2",-0.442471742145849
"818","Double",18,"s2",-0.49163411125504
"819","Double",19,"s2",-0.489451720320134
"820","Double",20,"s2",-0.500562466397568
"821","Double",21,"s2",-0.486250963257595
"822","Double",22,"s2",-0.152146209320132
"823","Double",23,"s2",-0.494288120158471
"824","Double",24,"s2",-0.472258469835466
"825","Double",25,"s2",-0.495776270388875
"826","Double",26,"s2",0.520317167833196
"827","Double",27,"s2",-0.495819466102004
"828","Double",28,"s2",-0.502974926362148
"829","Double",29,"s2",-0.498429447007404
"830","Double",30,"s2",-0.496983810673421
"831","Double",31,"s2",0.180535064667908
"832","Double",32,"s2",-0.490503831082747
"833","Double",33,"s2",-0.553230449989122
"834","Double",34,"s2",-0.497729156976541
"835","Double",35,"s2",-0.396370744008081
"836","Double",36,"s2",-0.498089328270669
"837","Double",37,"s2",0.057158816073462
"838","Double",38,"s2",0.263393971325795
"839","Double",39,"s2",0.342410054706916
"840","Double",40,"s2",-0.339179416390399
"841","Double",41,"s2",0.539464421170129
"842","Double",42,"s2",0.348649879596294
"843","Double",43,"s2",-0.495838072071493
"844","Double",44,"s2",-0.49971841982904
"845","Double",45,"s2",-0.501274068645291
"846","Double",46,"s2",-0.499010006861391
"847","Double",47,"s2",-0.461428008176196
"848","Double",48,"s2",-0.498760228399829
"849","Double",49,"s2",-0.499500979751709
"850","Double",50,"s2",-0.537584243084356
"851","Double",1,"d3",NA
"852","Double",2,"d3",NA
"853","Double",3,"d3",-0.285687504168468
"854","Double",4,"d3",NA
"855","Double",5,"d3",NA
"856","Double",6,"d3",-0.119944981351902
"857","Double",7,"d3",NA
"858","Double",8,"d3",NA
"859","Double",9,"d3",NA
"860","Double",10,"d3",NA
"861","Double",11,"d3",NA
"862","Double",12,"d3",NA
"863","Double",13,"d3",NA
"864","Double",14,"d3",-0.170171970392014
"865","Double",15,"d3",NA
"866","Double",16,"d3",NA
"867","Double",17,"d3",NA
"868","Double",18,"d3",NA
"869","Double",19,"d3",NA
"870","Double",20,"d3",NA
"871","Double",21,"d3",NA
"872","Double",22,"d3",-0.221240224623039
"873","Double",23,"d3",NA
"874","Double",24,"d3",NA
"875","Double",25,"d3",NA
"876","Double",26,"d3",NA
"877","Double",27,"d3",NA
"878","Double",28,"d3",NA
"879","Double",29,"d3",NA
"880","Double",30,"d3",NA
"881","Double",31,"d3",-0.342233960062859
"882","Double",32,"d3",NA
"883","Double",33,"d3",NA
"884","Double",34,"d3",NA
"885","Double",35,"d3",-0.21873868177627
"886","Double",36,"d3",NA
"887","Double",37,"d3",-0.230137099639264
"888","Double",38,"d3",-0.284722290135943
"889","Double",39,"d3",-0.216882861754012
"890","Double",40,"d3",-0.213879134505087
"891","Double",41,"d3",NA
"892","Double",42,"d3",NA
"893","Double",43,"d3",NA
"894","Double",44,"d3",NA
"895","Double",45,"d3",NA
"896","Double",46,"d3",NA
"897","Double",47,"d3",-0.203212250477273
"898","Double",48,"d3",NA
"899","Double",49,"d3",NA
"900","Double",50,"d3",0.0806918678473558
"901","Double",1,"d4",NA
"902","Double",2,"d4",NA
"903","Double",3,"d4",-0.102744688440535
"904","Double",4,"d4",NA
"905","Double",5,"d4",NA
"906","Double",6,"d4",-0.234830571190614
"907","Double",7,"d4",NA
"908","Double",8,"d4",NA
"909","Double",9,"d4",NA
"910","Double",10,"d4",NA
"911","Double",11,"d4",NA
"912","Double",12,"d4",NA
"913","Double",13,"d4",NA
"914","Double",14,"d4",-0.283350993525234
"915","Double",15,"d4",NA
"916","Double",16,"d4",NA
"917","Double",17,"d4",NA
"918","Double",18,"d4",NA
"919","Double",19,"d4",NA
"920","Double",20,"d4",NA
"921","Double",21,"d4",NA
"922","Double",22,"d4",0.404245809187196
"923","Double",23,"d4",NA
"924","Double",24,"d4",NA
"925","Double",25,"d4",NA
"926","Double",26,"d4",NA
"927","Double",27,"d4",NA
"928","Double",28,"d4",NA
"929","Double",29,"d4",NA
"930","Double",30,"d4",NA
"931","Double",31,"d4",-0.252657881214608
"932","Double",32,"d4",NA
"933","Double",33,"d4",NA
"934","Double",34,"d4",NA
"935","Double",35,"d4",-0.0847405712777386
"936","Double",36,"d4",NA
"937","Double",37,"d4",-0.592442970602296
"938","Double",38,"d4",-0.0674453122638103
"939","Double",39,"d4",-0.193343317114929
"940","Double",40,"d4",-0.154565251643262
"941","Double",41,"d4",NA
"942","Double",42,"d4",NA
"943","Double",43,"d4",NA
"944","Double",44,"d4",NA
"945","Double",45,"d4",NA
"946","Double",46,"d4",NA
"947","Double",47,"d4",-0.0614675357362262
"948","Double",48,"d4",NA
"949","Double",49,"d4",NA
"950","Double",50,"d4",-0.0822842504846244
"951","Double",1,"s3",-0.014681657413303
"952","Double",2,"s3",-0.0229564257776393
"953","Double",3,"s3",-0.260953470352329
"954","Double",4,"s3",-0.0114267879793347
"955","Double",5,"s3",-0.047945834438193
"956","Double",6,"s3",-0.0914969292543522
"957","Double",7,"s3",-0.0180967553861683
"958","Double",8,"s3",-0.0730553995551038
"959","Double",9,"s3",-0.175945708563791
"960","Double",10,"s3",-0.022841652769496
"961","Double",11,"s3",-0.0152196990104846
"962","Double",12,"s3",-0.145132867765935
"963","Double",13,"s3",-0.393465040607365
"964","Double",14,"s3",-0.208028962690508
"965","Double",15,"s3",-0.161520782709634
"966","Double",16,"s3",-0.016475128548827
"967","Double",17,"s3",-0.263901560559568
"968","Double",18,"s3",-0.146744142777378
"969","Double",19,"s3",-0.0222716306910208
"970","Double",20,"s3",-0.0192731491429595
"971","Double",21,"s3",-0.0563578559231418
"972","Double",22,"s3",-0.233890166959246
"973","Double",23,"s3",-0.187967965189203
"974","Double",24,"s3",-0.104478600250875
"975","Double",25,"s3",-0.0444779071745284
"976","Double",26,"s3",-0.0499938750427365
"977","Double",27,"s3",-0.0384147877840764
"978","Double",28,"s3",-0.133522612631093
"979","Double",29,"s3",-0.0313570600731962
"980","Double",30,"s3",-0.0357262914356485
"981","Double",31,"s3",-0.255953853807805
"982","Double",32,"s3",-0.0999349000653386
"983","Double",33,"s3",-0.0257361270310512
"984","Double",34,"s3",-0.0512832016124734
"985","Double",35,"s3",-0.175240823933814
"986","Double",36,"s3",-0.0318256126658315
"987","Double",37,"s3",-0.204288325272046
"988","Double",38,"s3",-0.430183269008511
"989","Double",39,"s3",-0.559329738470149
"990","Double",40,"s3",-0.103279018766926
"991","Double",41,"s3",-0.521978271077309
"992","Double",42,"s3",-0.711283789937786
"993","Double",43,"s3",-0.0169306985635201
"994","Double",44,"s3",-0.0145320297593994
"995","Double",45,"s3",-0.00840912703166108
"996","Double",46,"s3",-0.00847152183721841
"997","Double",47,"s3",-0.296745073303604
"998","Double",48,"s3",-0.0447452447200933
"999","Double",49,"s3",-0.0290472603131306
"1000","Double",50,"s3",-0.211149595417941
"1001","Double",1,"d2",NA
"1002","Double",2,"d2",NA
"1003","Double",3,"d2",0.373704720877464
"1004","Double",4,"d2",NA
"1005","Double",5,"d2",NA
"1006","Double",6,"d2",0.0864141426807459
"1007","Double",7,"d2",NA
"1008","Double",8,"d2",NA
"1009","Double",9,"d2",NA
"1010","Double",10,"d2",NA
"1011","Double",11,"d2",NA
"1012","Double",12,"d2",NA
"1013","Double",13,"d2",NA
"1014","Double",14,"d2",0.244464508911879
"1015","Double",15,"d2",NA
"1016","Double",16,"d2",NA
"1017","Double",17,"d2",NA
"1018","Double",18,"d2",NA
"1019","Double",19,"d2",NA
"1020","Double",20,"d2",NA
"1021","Double",21,"d2",NA
"1022","Double",22,"d2",-0.340041986220456
"1023","Double",23,"d2",NA
"1024","Double",24,"d2",NA
"1025","Double",25,"d2",NA
"1026","Double",26,"d2",NA
"1027","Double",27,"d2",NA
"1028","Double",28,"d2",NA
"1029","Double",29,"d2",NA
"1030","Double",30,"d2",NA
"1031","Double",31,"d2",0.226990515075716
"1032","Double",32,"d2",NA
"1033","Double",33,"d2",NA
"1034","Double",34,"d2",NA
"1035","Double",35,"d2",0.00819695927612559
"1036","Double",36,"d2",NA
"1037","Double",37,"d2",0.312111841028024
"1038","Double",38,"d2",0.085597923235593
"1039","Double",39,"d2",0.0214289868904854
"1040","Double",40,"d2",0.15162446306829
"1041","Double",41,"d2",NA
"1042","Double",42,"d2",NA
"1043","Double",43,"d2",NA
"1044","Double",44,"d2",NA
"1045","Double",45,"d2",NA
"1046","Double",46,"d2",NA
"1047","Double",47,"d2",0.176821791130309
"1048","Double",48,"d2",NA
"1049","Double",49,"d2",NA
"1050","Double",50,"d2",-0.0271408229671451
"1051","Double",1,"d1",NA
"1052","Double",2,"d1",NA
"1053","Double",3,"d1",0.00442141807130509
"1054","Double",4,"d1",NA
"1055","Double",5,"d1",NA
"1056","Double",6,"d1",0.124386283124976
"1057","Double",7,"d1",NA
"1058","Double",8,"d1",NA
"1059","Double",9,"d1",NA
"1060","Double",10,"d1",NA
"1061","Double",11,"d1",NA
"1062","Double",12,"d1",NA
"1063","Double",13,"d1",NA
"1064","Double",14,"d1",-0.0196869664326752
"1065","Double",15,"d1",NA
"1066","Double",16,"d1",NA
"1067","Double",17,"d1",NA
"1068","Double",18,"d1",NA
"1069","Double",19,"d1",NA
"1070","Double",20,"d1",NA
"1071","Double",21,"d1",NA
"1072","Double",22,"d1",-0.165438653856314
"1073","Double",23,"d1",NA
"1074","Double",24,"d1",NA
"1075","Double",25,"d1",NA
"1076","Double",26,"d1",NA
"1077","Double",27,"d1",NA
"1078","Double",28,"d1",NA
"1079","Double",29,"d1",NA
"1080","Double",30,"d1",NA
"1081","Double",31,"d1",0.299903787722829
"1082","Double",32,"d1",NA
"1083","Double",33,"d1",NA
"1084","Double",34,"d1",NA
"1085","Double",35,"d1",0.180707953892003
"1086","Double",36,"d1",NA
"1087","Double",37,"d1",0.2018252192076
"1088","Double",38,"d1",0.140668472071994
"1089","Double",39,"d1",0.233702558327886
"1090","Double",40,"d1",0.0721204959428728
"1091","Double",41,"d1",NA
"1092","Double",42,"d1",NA
"1093","Double",43,"d1",NA
"1094","Double",44,"d1",NA
"1095","Double",45,"d1",NA
"1096","Double",46,"d1",NA
"1097","Double",47,"d1",0.208773722505757
"1098","Double",48,"d1",NA
"1099","Double",49,"d1",NA
"1100","Double",50,"d1",0.233407110280256
"1101","Double",1,"d5",NA
"1102","Double",2,"d5",NA
"1103","Double",3,"d5",-0.24295976649993
"1104","Double",4,"d5",NA
"1105","Double",5,"d5",NA
"1106","Double",6,"d5",-0.0841955738154786
"1107","Double",7,"d5",NA
"1108","Double",8,"d5",NA
"1109","Double",9,"d5",NA
"1110","Double",10,"d5",NA
"1111","Double",11,"d5",NA
"1112","Double",12,"d5",NA
"1113","Double",13,"d5",NA
"1114","Double",14,"d5",-0.330938550425224
"1115","Double",15,"d5",NA
"1116","Double",16,"d5",NA
"1117","Double",17,"d5",NA
"1118","Double",18,"d5",NA
"1119","Double",19,"d5",NA
"1120","Double",20,"d5",NA
"1121","Double",21,"d5",NA
"1122","Double",22,"d5",-0.116190366459912
"1123","Double",23,"d5",NA
"1124","Double",24,"d5",NA
"1125","Double",25,"d5",NA
"1126","Double",26,"d5",NA
"1127","Double",27,"d5",NA
"1128","Double",28,"d5",NA
"1129","Double",29,"d5",NA
"1130","Double",30,"d5",NA
"1131","Double",31,"d5",-0.200287198729925
"1132","Double",32,"d5",NA
"1133","Double",33,"d5",NA
"1134","Double",34,"d5",NA
"1135","Double",35,"d5",-0.244026602288074
"1136","Double",36,"d5",NA
"1137","Double",37,"d5",-0.312159705272721
"1138","Double",38,"d5",-0.343112108843251
"1139","Double",39,"d5",-0.214932956868988
"1140","Double",40,"d5",-0.188780693283607
"1141","Double",41,"d5",NA
"1142","Double",42,"d5",NA
"1143","Double",43,"d5",NA
"1144","Double",44,"d5",NA
"1145","Double",45,"d5",NA
"1146","Double",46,"d5",NA
"1147","Double",47,"d5",-0.160777406055085
"1148","Double",48,"d5",NA
"1149","Double",49,"d5",NA
"1150","Double",50,"d5",-0.0801978530583008
"1151","Double",1,"d7",NA
"1152","Double",2,"d7",NA
"1153","Double",3,"d7",-0.049946900365933
"1154","Double",4,"d7",NA
"1155","Double",5,"d7",NA
"1156","Double",6,"d7",-0.0311141380440371
"1157","Double",7,"d7",NA
"1158","Double",8,"d7",NA
"1159","Double",9,"d7",NA
"1160","Double",10,"d7",NA
"1161","Double",11,"d7",NA
"1162","Double",12,"d7",NA
"1163","Double",13,"d7",NA
"1164","Double",14,"d7",-0.149994423834362
"1165","Double",15,"d7",NA
"1166","Double",16,"d7",NA
"1167","Double",17,"d7",NA
"1168","Double",18,"d7",NA
"1169","Double",19,"d7",NA
"1170","Double",20,"d7",NA
"1171","Double",21,"d7",NA
"1172","Double",22,"d7",-0.0971888061998131
"1173","Double",23,"d7",NA
"1174","Double",24,"d7",NA
"1175","Double",25,"d7",NA
"1176","Double",26,"d7",NA
"1177","Double",27,"d7",NA
"1178","Double",28,"d7",NA
"1179","Double",29,"d7",NA
"1180","Double",30,"d7",NA
"1181","Double",31,"d7",-0.00615939446931237
"1182","Double",32,"d7",NA
"1183","Double",33,"d7",NA
"1184","Double",34,"d7",NA
"1185","Double",35,"d7",-0.0312701959470848
"1186","Double",36,"d7",NA
"1187","Double",37,"d7",-0.0701660730877651
"1188","Double",38,"d7",0.0358604308159887
"1189","Double",39,"d7",0.0577877805193326
"1190","Double",40,"d7",-0.314823336552141
"1191","Double",41,"d7",NA
"1192","Double",42,"d7",NA
"1193","Double",43,"d7",NA
"1194","Double",44,"d7",NA
"1195","Double",45,"d7",NA
"1196","Double",46,"d7",NA
"1197","Double",47,"d7",0.0185305737367866
"1198","Double",48,"d7",NA
"1199","Double",49,"d7",NA
"1200","Double",50,"d7",NA
"1201","Double",1,"d6",NA
"1202","Double",2,"d6",NA
"1203","Double",3,"d6",0.634272937828942
"1204","Double",4,"d6",NA
"1205","Double",5,"d6",NA
"1206","Double",6,"d6",0.495467918616187
"1207","Double",7,"d6",NA
"1208","Double",8,"d6",NA
"1209","Double",9,"d6",NA
"1210","Double",10,"d6",NA
"1211","Double",11,"d6",NA
"1212","Double",12,"d6",NA
"1213","Double",13,"d6",NA
"1214","Double",14,"d6",0.481011867551097
"1215","Double",15,"d6",NA
"1216","Double",16,"d6",NA
"1217","Double",17,"d6",NA
"1218","Double",18,"d6",NA
"1219","Double",19,"d6",NA
"1220","Double",20,"d6",NA
"1221","Double",21,"d6",NA
"1222","Double",22,"d6",-0.0162334315658076
"1223","Double",23,"d6",NA
"1224","Double",24,"d6",NA
"1225","Double",25,"d6",NA
"1226","Double",26,"d6",NA
"1227","Double",27,"d6",NA
"1228","Double",28,"d6",NA
"1229","Double",29,"d6",NA
"1230","Double",30,"d6",NA
"1231","Double",31,"d6",0.642946786985855
"1232","Double",32,"d6",NA
"1233","Double",33,"d6",NA
"1234","Double",34,"d6",NA
"1235","Double",35,"d6",0.357412865296659
"1236","Double",36,"d6",NA
"1237","Double",37,"d6",0.37755174794397
"1238","Double",38,"d6",0.464116942545703
"1239","Double",39,"d6",-0.00712613480678551
"1240","Double",40,"d6",0.433738186782401
"1241","Double",41,"d6",NA
"1242","Double",42,"d6",NA
"1243","Double",43,"d6",NA
"1244","Double",44,"d6",NA
"1245","Double",45,"d6",NA
"1246","Double",46,"d6",NA
"1247","Double",47,"d6",NA
"1248","Double",48,"d6",NA
"1249","Double",49,"d6",NA
"1250","Double",50,"d6",NA
"1251","Double",1,"d8",NA
"1252","Double",2,"d8",NA
"1253","Double",3,"d8",-0.0837084757607328
"1254","Double",4,"d8",NA
"1255","Double",5,"d8",NA
"1256","Double",6,"d8",-0.026510901089954
"1257","Double",7,"d8",NA
"1258","Double",8,"d8",NA
"1259","Double",9,"d8",NA
"1260","Double",10,"d8",NA
"1261","Double",11,"d8",NA
"1262","Double",12,"d8",NA
"1263","Double",13,"d8",NA
"1264","Double",14,"d8",-0.216917791495452
"1265","Double",15,"d8",NA
"1266","Double",16,"d8",NA
"1267","Double",17,"d8",NA
"1268","Double",18,"d8",NA
"1269","Double",19,"d8",NA
"1270","Double",20,"d8",NA
"1271","Double",21,"d8",NA
"1272","Double",22,"d8",0.392402579428281
"1273","Double",23,"d8",NA
"1274","Double",24,"d8",NA
"1275","Double",25,"d8",NA
"1276","Double",26,"d8",NA
"1277","Double",27,"d8",NA
"1278","Double",28,"d8",NA
"1279","Double",29,"d8",NA
"1280","Double",30,"d8",NA
"1281","Double",31,"d8",-0.0655702974842055
"1282","Double",32,"d8",NA
"1283","Double",33,"d8",NA
"1284","Double",34,"d8",NA
"1285","Double",35,"d8",0.0376495160055045
"1286","Double",36,"d8",NA
"1287","Double",37,"d8",-0.15199369943623
"1288","Double",38,"d8",-0.109743736948932
"1289","Double",39,"d8",0.0151736258433935
"1290","Double",40,"d8",-0.0856322890923657
"1291","Double",41,"d8",NA
"1292","Double",42,"d8",NA
"1293","Double",43,"d8",NA
"1294","Double",44,"d8",NA
"1295","Double",45,"d8",NA
"1296","Double",46,"d8",NA
"1297","Double",47,"d8",0.115559626755592
"1298","Double",48,"d8",NA
"1299","Double",49,"d8",NA
"1300","Double",50,"d8",NA
